{"Primitives": {"Le": [0.0, 0.0, 0.0, 0.0, 0.0, 0.0, 0.0, 0.0, 0.0, 0.0, 0.0, 0.0, 1.0, 1.0, 1.0, 0.0, 0.0, 0.0, 0.0, 0.0, 0.0, 0.0, 0.0, 0.0, 0.0, 0.0, 0.0, 0.0, 0.0, 0.0, 0.0, 0.0, 0.0, 0.0, 0.0, 0.0, 0.0, 0.0, 0.0, 0.0, 0.0, 0.0, 0.0, 0.0, 0.0, 0.0, 0.0, 0.0, 0.0, 0.0, 0.0, 0.0, 0.0, 0.0, 0.0, 0.0, 0.0, 0.0, 0.0, 0.0, 0.0, 0.0, 0.0, 0.0, 0.0, 0.0, 0.0, 0.0, 0.0, 0.0, 0.0, 0.0, 0.0, 0.0, 0.0, 0.0, 0.0, 0.0, 0.0, 0.0, 0.0, 0.0, 0.0, 0.0, 0.0, 0.0, 0.0, 1.0, 1.0, 1.0, 0.0, 0.0, 0.0, 0.0, 0.0, 0.0, 0.0, 0.0, 0.0, 0.0, 0.0, 0.0], "Cd": [0.10000000149011612, 0.8999999761581421, 0.10000000149011612, 0.8999999761581421, 0.10000000149011612, 0.10000000149011612, 0.8999999761581421, 0.8999999761581421, 0.8999999761581421, 0.8999999761581421, 0.8999999761581421, 0.8999999761581421, 0.8999999761581421, 0.8999999761581421, 0.8999999761581421, 0.8999999761581421, 0.8999999761581421, 0.8999999761581421, 0.8999999761581421, 0.8999999761581421, 0.8999999761581421, 0.8999999761581421, 0.8999999761581421, 0.8999999761581421, 0.8999999761581421, 0.8999999761581421, 0.8999999761581421, 0.8999999761581421, 0.8999999761581421, 0.8999999761581421, 0.8999999761581421, 0.8999999761581421, 0.8999999761581421, 0.8999999761581421, 0.8999999761581421, 0.8999999761581421, 0.8999999761581421, 0.8999999761581421, 0.8999999761581421, 0.8999999761581421, 0.8999999761581421, 0.8999999761581421, 0.8999999761581421, 0.8999999761581421, 0.8999999761581421, 0.8999999761581421, 0.8999999761581421, 0.8999999761581421, 0.8999999761581421, 0.8999999761581421, 0.8999999761581421, 0.8999999761581421, 0.8999999761581421, 0.8999999761581421, 0.8999999761581421, 0.8999999761581421, 0.8999999761581421, 0.8999999761581421, 0.8999999761581421, 0.8999999761581421, 0.8999999761581421, 0.8999999761581421, 0.8999999761581421, 0.8999999761581421, 0.8999999761581421, 0.8999999761581421, 0.8999999761581421, 0.8999999761581421, 0.8999999761581421, 0.8999999761581421, 0.8999999761581421, 0.8999999761581421, 0.8999999761581421, 0.8999999761581421, 0.8999999761581421, 0.8999999761581421, 0.8999999761581421, 0.8999999761581421, 0.8999999761581421, 0.8999999761581421, 0.8999999761581421, 0.8999999761581421, 0.8999999761581421, 0.8999999761581421, 0.8999999761581421, 0.8999999761581421, 0.8999999761581421, 0.8999999761581421, 0.8999999761581421, 0.8999999761581421, 0.8999999761581421, 0.8999999761581421, 0.8999999761581421, 0.8999999761581421, 0.8999999761581421, 0.8999999761581421, 0.8999999761581421, 0.10000000149011612, 0.10000000149011612, 0.10000000149011612, 0.8999999761581421, 0.10000000149011612]}, "Points": {"P": [-2.5, 0.0, -2.5, 2.5, 0.0, -2.5, 2.5, 0.0, 2.5, -2.5, 0.0, 2.5, -2.5, 5.0, -2.5, 2.5, 5.0, -2.5, 2.5, 5.0, 2.5, -2.5, 5.0, 2.5, -1.6300911903381348, -0.011607170104980469, 0.6144230365753174, -0.18898774683475494, -0.011607170104980469, 0.1982247680425644, 0.22721049189567566, -0.011607170104980469, 1.639328122138977, -1.213892936706543, -0.011607170104980469, 2.0555264949798584, -1.6300911903381348, 3.4883928298950195, 0.6144230365753174, -0.18898774683475494, 3.4883928298950195, 0.1982247680425644, 0.22721049189567566, 3.4883928298950195, 1.639328122138977, -1.213892936706543, 3.4883928298950195, 2.0555264949798584, 0.11723406612873077, -0.0294339656829834, -1.854975938796997, 1.5496361255645752, -0.0294339656829834, -1.4097522497177124, 1.104412317276001, -0.0294339656829834, 0.022649899125099182, -0.32798975706100464, -0.0294339656829834, -0.42257389426231384, 0.11723406612873077, 1.9705660343170166, -1.854975938796997, 1.5496361255645752, 1.9705660343170166, -1.4097522497177124, 1.104412317276001, 1.9705660343170166, 0.022649899125099182, -0.32798975706100464, 1.9705660343170166, -0.42257389426231384]}, "type": "Polygon", "Vertices": {"Point Num": [1, 0, 4, 3, 2, 6, 0, 3, 7, 2, 3, 0, 5, 4, 7, 9, 13, 12, 10, 14, 13, 11, 15, 14, 8, 12, 15, 10, 9, 8, 13, 14, 15, 17, 21, 20, 18, 22, 21, 19, 23, 22, 16, 20, 23, 18, 17, 16, 21, 22, 23, 23, 20, 21, 16, 19, 18, 23, 19, 16, 22, 18, 19, 21, 17, 18, 20, 16, 17, 15, 12, 13, 8, 11, 10, 15, 11, 8, 14, 10, 11, 13, 9, 10, 12, 8, 9, 7, 6, 5, 0, 1, 2, 7, 4, 0, 6, 7, 3, 4, 5, 1]}, "xform": [0.0, 0.0, 1.0, 0.0, 0.0, 1.0, 0.0, 0.0, -1.0, 0.0, 0.0, 0.0, 0.0, 0.0, 0.0, 1.0]}