{"Points": {"P": [0.0, 0.0, -1.0, 0.0, 0.5257312059402466, -0.8506507873535156, 0.4999999701976776, 0.1624601036310196, -0.8506507873535156, 0.0, 0.8944273591041565, -0.44721314311027527, 0.4999999701976776, 0.6881913542747498, -0.5257306098937988, 0.8506508469581604, 0.27639368176460266, -0.44721320271492004, 0.30901700258255005, -0.4253254234790802, -0.8506508469581604, 0.8090172410011292, -0.2628653943538666, -0.5257307887077332, 0.5257312059402466, -0.7236069440841675, -0.4472132623195648, -0.30901700258255005, -0.4253254234790802, -0.8506508469581604, 0.0, -0.8506510257720947, -0.5257307291030884, -0.5257312059402466, -0.7236069440841675, -0.4472132623195648, -0.4999999701976776, 0.1624601036310196, -0.8506507873535156, -0.8090172410011292, -0.2628653943538666, -0.5257307887077332, -0.8506508469581604, 0.27639368176460266, -0.44721320271492004, -0.4999999701976776, 0.6881913542747498, -0.5257306098937988, -0.30901697278022766, 0.9510565996170044, 0.0, -0.8090168237686157, 0.5877854228019714, 0.0, -0.5257312059402466, 0.7236069440841675, 0.4472132623195648, -1.0, 0.0, 0.0, -0.8090168237686157, -0.5877854228019714, 0.0, -0.8506508469581604, -0.27639368176460266, 0.44721320271492004, -0.30901697278022766, -0.9510565996170044, 0.0, 0.30901697278022766, -0.9510565996170044, 0.0, 0.0, -0.8944273591041565, 0.44721314311027527, 0.8090168237686157, -0.5877854228019714, 0.0, 1.0, 0.0, 0.0, 0.8506508469581604, -0.27639368176460266, 0.44721320271492004, 0.8090168237686157, 0.5877854228019714, 0.0, 0.30901697278022766, 0.9510565996170044, 0.0, 0.5257312059402466, 0.7236069440841675, 0.4472132623195648, 0.0, 0.8506510257720947, 0.5257307291030884, -0.8090172410011292, 0.2628653943538666, 0.5257307887077332, -0.4999999701976776, -0.6881913542747498, 0.5257306098937988, 0.4999999701976776, -0.6881913542747498, 0.5257306098937988, 0.8090172410011292, 0.2628653943538666, 0.5257307887077332, 0.0, 0.0, 1.0, 0.30901700258255005, 0.4253254234790802, 0.8506508469581604, -0.30901700258255005, 0.4253254234790802, 0.8506508469581604, 0.4999999701976776, -0.1624601036310196, 0.8506507873535156, 0.0, -0.5257312059402466, 0.8506507873535156, -0.4999999701976776, -0.1624601036310196, 0.8506507873535156]}, "type": "Polygon", "Vertices": {"Point Num": [2, 1, 0, 4, 3, 1, 5, 4, 2, 2, 4, 1, 6, 2, 0, 7, 5, 2, 8, 7, 6, 6, 7, 2, 9, 6, 0, 10, 8, 6, 11, 10, 9, 9, 10, 6, 12, 9, 0, 13, 11, 9, 14, 13, 12, 12, 13, 9, 1, 12, 0, 15, 14, 12, 3, 15, 1, 1, 15, 12, 16, 15, 3, 17, 14, 15, 18, 17, 16, 16, 17, 15, 19, 13, 14, 20, 11, 13, 21, 20, 19, 19, 20, 13, 22, 10, 11, 23, 8, 10, 24, 23, 22, 22, 23, 10, 25, 7, 8, 26, 5, 7, 27, 26, 25, 25, 26, 7, 28, 4, 5, 29, 3, 4, 30, 29, 28, 28, 29, 4, 29, 16, 3, 31, 18, 16, 30, 31, 29, 29, 31, 16, 17, 19, 14, 32, 21, 19, 18, 32, 17, 17, 32, 19, 20, 22, 11, 33, 24, 22, 21, 33, 20, 20, 33, 22, 23, 25, 8, 34, 27, 25, 24, 34, 23, 23, 34, 25, 26, 28, 5, 35, 30, 28, 27, 35, 26, 26, 35, 28, 38, 37, 36, 31, 30, 37, 18, 31, 38, 38, 31, 37, 37, 39, 36, 35, 27, 39, 30, 35, 37, 37, 35, 39, 39, 40, 36, 34, 24, 40, 27, 34, 39, 39, 34, 40, 40, 41, 36, 33, 21, 41, 24, 33, 40, 40, 33, 41, 41, 38, 36, 32, 18, 38, 21, 32, 41, 41, 32, 38]}, "xform": [1.0, 0.0, 0.0, 0.0, 0.0, 1.0, 0.0, 0.0, 0.0, 0.0, 1.0, 0.0, -2.5462495386600494, 0.0, 0.0, 1.0]}